date_key,full_date,day,month,month_name,quarter,year,week_day,weekend_flag
20160904,2016-09-04,4,9,September,3,2016,Sunday,True
20160905,2016-09-05,5,9,September,3,2016,Monday,False
20160913,2016-09-13,13,9,September,3,2016,Tuesday,False
20160915,2016-09-15,15,9,September,3,2016,Thursday,False
20160919,2016-09-19,19,9,September,3,2016,Monday,False
20160930,2016-09-30,30,9,September,3,2016,Friday,False
20161002,2016-10-02,2,10,October,4,2016,Sunday,True
20161003,2016-10-03,3,10,October,4,2016,Monday,False
20161004,2016-10-04,4,10,October,4,2016,Tuesday,False
20161005,2016-10-05,5,10,October,4,2016,Wednesday,False
20161006,2016-10-06,6,10,October,4,2016,Thursday,False
20161007,2016-10-07,7,10,October,4,2016,Friday,False
20161008,2016-10-08,8,10,October,4,2016,Saturday,True
20161009,2016-10-09,9,10,October,4,2016,Sunday,True
20161010,2016-10-10,10,10,October,4,2016,Monday,False
20161011,2016-10-11,11,10,October,4,2016,Tuesday,False
20161012,2016-10-12,12,10,October,4,2016,Wednesday,False
20161013,2016-10-13,13,10,October,4,2016,Thursday,False
20161014,2016-10-14,14,10,October,4,2016,Friday,False
20161015,2016-10-15,15,10,October,4,2016,Saturday,True
20161016,2016-10-16,16,10,October,4,2016,Sunday,True
20161017,2016-10-17,17,10,October,4,2016,Monday,False
20161018,2016-10-18,18,10,October,4,2016,Tuesday,False
20161019,2016-10-19,19,10,October,4,2016,Wednesday,False
20161020,2016-10-20,20,10,October,4,2016,Thursday,False
20161021,2016-10-21,21,10,October,4,2016,Friday,False
20161022,2016-10-22,22,10,October,4,2016,Saturday,True
20161023,2016-10-23,23,10,October,4,2016,Sunday,True
20161024,2016-10-24,24,10,October,4,2016,Monday,False
20161025,2016-10-25,25,10,October,4,2016,Tuesday,False
20161026,2016-10-26,26,10,October,4,2016,Wednesday,False
20161027,2016-10-27,27,10,October,4,2016,Thursday,False
20161028,2016-10-28,28,10,October,4,2016,Friday,False
20161029,2016-10-29,29,10,October,4,2016,Saturday,True
20161030,2016-10-30,30,10,October,4,2016,Sunday,True
20161031,2016-10-31,31,10,October,4,2016,Monday,False
20161101,2016-11-01,1,11,November,4,2016,Tuesday,False
20161102,2016-11-02,2,11,November,4,2016,Wednesday,False
20161103,2016-11-03,3,11,November,4,2016,Thursday,False
20161104,2016-11-04,4,11,November,4,2016,Friday,False
20161105,2016-11-05,5,11,November,4,2016,Saturday,True
20161106,2016-11-06,6,11,November,4,2016,Sunday,True
20161107,2016-11-07,7,11,November,4,2016,Monday,False
20161108,2016-11-08,8,11,November,4,2016,Tuesday,False
20161109,2016-11-09,9,11,November,4,2016,Wednesday,False
20161110,2016-11-10,10,11,November,4,2016,Thursday,False
20161111,2016-11-11,11,11,November,4,2016,Friday,False
20161112,2016-11-12,12,11,November,4,2016,Saturday,True
20161114,2016-11-14,14,11,November,4,2016,Monday,False
20161115,2016-11-15,15,11,November,4,2016,Tuesday,False
20161116,2016-11-16,16,11,November,4,2016,Wednesday,False
20161117,2016-11-17,17,11,November,4,2016,Thursday,False
20161118,2016-11-18,18,11,November,4,2016,Friday,False
20161119,2016-11-19,19,11,November,4,2016,Saturday,True
20161120,2016-11-20,20,11,November,4,2016,Sunday,True
20161121,2016-11-21,21,11,November,4,2016,Monday,False
20161122,2016-11-22,22,11,November,4,2016,Tuesday,False
20161123,2016-11-23,23,11,November,4,2016,Wednesday,False
20161124,2016-11-24,24,11,November,4,2016,Thursday,False
20161125,2016-11-25,25,11,November,4,2016,Friday,False
20161126,2016-11-26,26,11,November,4,2016,Saturday,True
20161127,2016-11-27,27,11,November,4,2016,Sunday,True
20161128,2016-11-28,28,11,November,4,2016,Monday,False
20161129,2016-11-29,29,11,November,4,2016,Tuesday,False
20161130,2016-11-30,30,11,November,4,2016,Wednesday,False
20161201,2016-12-01,1,12,December,4,2016,Thursday,False
20161202,2016-12-02,2,12,December,4,2016,Friday,False
20161203,2016-12-03,3,12,December,4,2016,Saturday,True
20161204,2016-12-04,4,12,December,4,2016,Sunday,True
20161205,2016-12-05,5,12,December,4,2016,Monday,False
20161206,2016-12-06,6,12,December,4,2016,Tuesday,False
20161207,2016-12-07,7,12,December,4,2016,Wednesday,False
20161208,2016-12-08,8,12,December,4,2016,Thursday,False
20161209,2016-12-09,9,12,December,4,2016,Friday,False
20161210,2016-12-10,10,12,December,4,2016,Saturday,True
20161211,2016-12-11,11,12,December,4,2016,Sunday,True
20161212,2016-12-12,12,12,December,4,2016,Monday,False
20161213,2016-12-13,13,12,December,4,2016,Tuesday,False
20161214,2016-12-14,14,12,December,4,2016,Wednesday,False
20161215,2016-12-15,15,12,December,4,2016,Thursday,False
20161216,2016-12-16,16,12,December,4,2016,Friday,False
20161218,2016-12-18,18,12,December,4,2016,Sunday,True
20161219,2016-12-19,19,12,December,4,2016,Monday,False
20161220,2016-12-20,20,12,December,4,2016,Tuesday,False
20161223,2016-12-23,23,12,December,4,2016,Friday,False
20161225,2016-12-25,25,12,December,4,2016,Sunday,True
20161226,2016-12-26,26,12,December,4,2016,Monday,False
20161227,2016-12-27,27,12,December,4,2016,Tuesday,False
20161228,2016-12-28,28,12,December,4,2016,Wednesday,False
20161229,2016-12-29,29,12,December,4,2016,Thursday,False
20161230,2016-12-30,30,12,December,4,2016,Friday,False
20161231,2016-12-31,31,12,December,4,2016,Saturday,True
20170104,2017-01-04,4,1,January,1,2017,Wednesday,False
20170105,2017-01-05,5,1,January,1,2017,Thursday,False
20170106,2017-01-06,6,1,January,1,2017,Friday,False
20170107,2017-01-07,7,1,January,1,2017,Saturday,True
20170108,2017-01-08,8,1,January,1,2017,Sunday,True
20170109,2017-01-09,9,1,January,1,2017,Monday,False
20170110,2017-01-10,10,1,January,1,2017,Tuesday,False
20170111,2017-01-11,11,1,January,1,2017,Wednesday,False
20170112,2017-01-12,12,1,January,1,2017,Thursday,False
20170113,2017-01-13,13,1,January,1,2017,Friday,False
20170114,2017-01-14,14,1,January,1,2017,Saturday,True
20170115,2017-01-15,15,1,January,1,2017,Sunday,True
20170116,2017-01-16,16,1,January,1,2017,Monday,False
20170117,2017-01-17,17,1,January,1,2017,Tuesday,False
20170118,2017-01-18,18,1,January,1,2017,Wednesday,False
20170119,2017-01-19,19,1,January,1,2017,Thursday,False
20170120,2017-01-20,20,1,January,1,2017,Friday,False
20170121,2017-01-21,21,1,January,1,2017,Saturday,True
20170122,2017-01-22,22,1,January,1,2017,Sunday,True
20170123,2017-01-23,23,1,January,1,2017,Monday,False
20170124,2017-01-24,24,1,January,1,2017,Tuesday,False
20170125,2017-01-25,25,1,January,1,2017,Wednesday,False
20170126,2017-01-26,26,1,January,1,2017,Thursday,False
20170127,2017-01-27,27,1,January,1,2017,Friday,False
20170128,2017-01-28,28,1,January,1,2017,Saturday,True
20170129,2017-01-29,29,1,January,1,2017,Sunday,True
20170130,2017-01-30,30,1,January,1,2017,Monday,False
20170131,2017-01-31,31,1,January,1,2017,Tuesday,False
20170201,2017-02-01,1,2,February,1,2017,Wednesday,False
20170202,2017-02-02,2,2,February,1,2017,Thursday,False
20170203,2017-02-03,3,2,February,1,2017,Friday,False
20170204,2017-02-04,4,2,February,1,2017,Saturday,True
20170205,2017-02-05,5,2,February,1,2017,Sunday,True
20170206,2017-02-06,6,2,February,1,2017,Monday,False
20170207,2017-02-07,7,2,February,1,2017,Tuesday,False
20170208,2017-02-08,8,2,February,1,2017,Wednesday,False
20170209,2017-02-09,9,2,February,1,2017,Thursday,False
20170210,2017-02-10,10,2,February,1,2017,Friday,False
20170211,2017-02-11,11,2,February,1,2017,Saturday,True
20170212,2017-02-12,12,2,February,1,2017,Sunday,True
20170213,2017-02-13,13,2,February,1,2017,Monday,False
20170214,2017-02-14,14,2,February,1,2017,Tuesday,False
20170215,2017-02-15,15,2,February,1,2017,Wednesday,False
20170216,2017-02-16,16,2,February,1,2017,Thursday,False
20170217,2017-02-17,17,2,February,1,2017,Friday,False
20170218,2017-02-18,18,2,February,1,2017,Saturday,True
20170219,2017-02-19,19,2,February,1,2017,Sunday,True
20170220,2017-02-20,20,2,February,1,2017,Monday,False
20170221,2017-02-21,21,2,February,1,2017,Tuesday,False
20170222,2017-02-22,22,2,February,1,2017,Wednesday,False
20170223,2017-02-23,23,2,February,1,2017,Thursday,False
20170224,2017-02-24,24,2,February,1,2017,Friday,False
20170225,2017-02-25,25,2,February,1,2017,Saturday,True
20170226,2017-02-26,26,2,February,1,2017,Sunday,True
20170227,2017-02-27,27,2,February,1,2017,Monday,False
20170228,2017-02-28,28,2,February,1,2017,Tuesday,False
20170301,2017-03-01,1,3,March,1,2017,Wednesday,False
20170302,2017-03-02,2,3,March,1,2017,Thursday,False
20170303,2017-03-03,3,3,March,1,2017,Friday,False
20170304,2017-03-04,4,3,March,1,2017,Saturday,True
20170305,2017-03-05,5,3,March,1,2017,Sunday,True
20170306,2017-03-06,6,3,March,1,2017,Monday,False
20170307,2017-03-07,7,3,March,1,2017,Tuesday,False
20170308,2017-03-08,8,3,March,1,2017,Wednesday,False
20170309,2017-03-09,9,3,March,1,2017,Thursday,False
20170310,2017-03-10,10,3,March,1,2017,Friday,False
20170311,2017-03-11,11,3,March,1,2017,Saturday,True
20170312,2017-03-12,12,3,March,1,2017,Sunday,True
20170313,2017-03-13,13,3,March,1,2017,Monday,False
20170314,2017-03-14,14,3,March,1,2017,Tuesday,False
20170315,2017-03-15,15,3,March,1,2017,Wednesday,False
20170316,2017-03-16,16,3,March,1,2017,Thursday,False
20170317,2017-03-17,17,3,March,1,2017,Friday,False
20170318,2017-03-18,18,3,March,1,2017,Saturday,True
20170319,2017-03-19,19,3,March,1,2017,Sunday,True
20170320,2017-03-20,20,3,March,1,2017,Monday,False
20170321,2017-03-21,21,3,March,1,2017,Tuesday,False
20170322,2017-03-22,22,3,March,1,2017,Wednesday,False
20170323,2017-03-23,23,3,March,1,2017,Thursday,False
20170324,2017-03-24,24,3,March,1,2017,Friday,False
20170325,2017-03-25,25,3,March,1,2017,Saturday,True
20170326,2017-03-26,26,3,March,1,2017,Sunday,True
20170327,2017-03-27,27,3,March,1,2017,Monday,False
20170328,2017-03-28,28,3,March,1,2017,Tuesday,False
20170329,2017-03-29,29,3,March,1,2017,Wednesday,False
20170330,2017-03-30,30,3,March,1,2017,Thursday,False
20170331,2017-03-31,31,3,March,1,2017,Friday,False
20170401,2017-04-01,1,4,April,2,2017,Saturday,True
20170402,2017-04-02,2,4,April,2,2017,Sunday,True
20170403,2017-04-03,3,4,April,2,2017,Monday,False
20170404,2017-04-04,4,4,April,2,2017,Tuesday,False
20170405,2017-04-05,5,4,April,2,2017,Wednesday,False
20170406,2017-04-06,6,4,April,2,2017,Thursday,False
20170407,2017-04-07,7,4,April,2,2017,Friday,False
20170408,2017-04-08,8,4,April,2,2017,Saturday,True
20170409,2017-04-09,9,4,April,2,2017,Sunday,True
20170410,2017-04-10,10,4,April,2,2017,Monday,False
20170411,2017-04-11,11,4,April,2,2017,Tuesday,False
20170412,2017-04-12,12,4,April,2,2017,Wednesday,False
20170413,2017-04-13,13,4,April,2,2017,Thursday,False
20170414,2017-04-14,14,4,April,2,2017,Friday,False
20170415,2017-04-15,15,4,April,2,2017,Saturday,True
20170416,2017-04-16,16,4,April,2,2017,Sunday,True
20170417,2017-04-17,17,4,April,2,2017,Monday,False
20170418,2017-04-18,18,4,April,2,2017,Tuesday,False
20170419,2017-04-19,19,4,April,2,2017,Wednesday,False
20170420,2017-04-20,20,4,April,2,2017,Thursday,False
20170421,2017-04-21,21,4,April,2,2017,Friday,False
20170422,2017-04-22,22,4,April,2,2017,Saturday,True
20170423,2017-04-23,23,4,April,2,2017,Sunday,True
20170424,2017-04-24,24,4,April,2,2017,Monday,False
20170425,2017-04-25,25,4,April,2,2017,Tuesday,False
20170426,2017-04-26,26,4,April,2,2017,Wednesday,False
20170427,2017-04-27,27,4,April,2,2017,Thursday,False
20170428,2017-04-28,28,4,April,2,2017,Friday,False
20170429,2017-04-29,29,4,April,2,2017,Saturday,True
20170430,2017-04-30,30,4,April,2,2017,Sunday,True
20170501,2017-05-01,1,5,May,2,2017,Monday,False
20170502,2017-05-02,2,5,May,2,2017,Tuesday,False
20170503,2017-05-03,3,5,May,2,2017,Wednesday,False
20170504,2017-05-04,4,5,May,2,2017,Thursday,False
20170505,2017-05-05,5,5,May,2,2017,Friday,False
20170506,2017-05-06,6,5,May,2,2017,Saturday,True
20170507,2017-05-07,7,5,May,2,2017,Sunday,True
20170508,2017-05-08,8,5,May,2,2017,Monday,False
20170509,2017-05-09,9,5,May,2,2017,Tuesday,False
20170510,2017-05-10,10,5,May,2,2017,Wednesday,False
20170511,2017-05-11,11,5,May,2,2017,Thursday,False
20170512,2017-05-12,12,5,May,2,2017,Friday,False
20170513,2017-05-13,13,5,May,2,2017,Saturday,True
20170514,2017-05-14,14,5,May,2,2017,Sunday,True
20170515,2017-05-15,15,5,May,2,2017,Monday,False
20170516,2017-05-16,16,5,May,2,2017,Tuesday,False
20170517,2017-05-17,17,5,May,2,2017,Wednesday,False
20170518,2017-05-18,18,5,May,2,2017,Thursday,False
20170519,2017-05-19,19,5,May,2,2017,Friday,False
20170520,2017-05-20,20,5,May,2,2017,Saturday,True
20170521,2017-05-21,21,5,May,2,2017,Sunday,True
20170522,2017-05-22,22,5,May,2,2017,Monday,False
20170523,2017-05-23,23,5,May,2,2017,Tuesday,False
20170524,2017-05-24,24,5,May,2,2017,Wednesday,False
20170525,2017-05-25,25,5,May,2,2017,Thursday,False
20170526,2017-05-26,26,5,May,2,2017,Friday,False
20170527,2017-05-27,27,5,May,2,2017,Saturday,True
20170528,2017-05-28,28,5,May,2,2017,Sunday,True
20170529,2017-05-29,29,5,May,2,2017,Monday,False
20170530,2017-05-30,30,5,May,2,2017,Tuesday,False
20170531,2017-05-31,31,5,May,2,2017,Wednesday,False
20170601,2017-06-01,1,6,June,2,2017,Thursday,False
20170602,2017-06-02,2,6,June,2,2017,Friday,False
20170603,2017-06-03,3,6,June,2,2017,Saturday,True
20170604,2017-06-04,4,6,June,2,2017,Sunday,True
20170605,2017-06-05,5,6,June,2,2017,Monday,False
20170606,2017-06-06,6,6,June,2,2017,Tuesday,False
20170607,2017-06-07,7,6,June,2,2017,Wednesday,False
20170608,2017-06-08,8,6,June,2,2017,Thursday,False
20170609,2017-06-09,9,6,June,2,2017,Friday,False
20170610,2017-06-10,10,6,June,2,2017,Saturday,True
20170611,2017-06-11,11,6,June,2,2017,Sunday,True
20170612,2017-06-12,12,6,June,2,2017,Monday,False
20170613,2017-06-13,13,6,June,2,2017,Tuesday,False
20170614,2017-06-14,14,6,June,2,2017,Wednesday,False
20170615,2017-06-15,15,6,June,2,2017,Thursday,False
20170616,2017-06-16,16,6,June,2,2017,Friday,False
20170617,2017-06-17,17,6,June,2,2017,Saturday,True
20170618,2017-06-18,18,6,June,2,2017,Sunday,True
20170619,2017-06-19,19,6,June,2,2017,Monday,False
20170620,2017-06-20,20,6,June,2,2017,Tuesday,False
20170621,2017-06-21,21,6,June,2,2017,Wednesday,False
20170622,2017-06-22,22,6,June,2,2017,Thursday,False
20170623,2017-06-23,23,6,June,2,2017,Friday,False
20170624,2017-06-24,24,6,June,2,2017,Saturday,True
20170625,2017-06-25,25,6,June,2,2017,Sunday,True
20170626,2017-06-26,26,6,June,2,2017,Monday,False
20170627,2017-06-27,27,6,June,2,2017,Tuesday,False
20170628,2017-06-28,28,6,June,2,2017,Wednesday,False
20170629,2017-06-29,29,6,June,2,2017,Thursday,False
20170630,2017-06-30,30,6,June,2,2017,Friday,False
20170701,2017-07-01,1,7,July,3,2017,Saturday,True
20170702,2017-07-02,2,7,July,3,2017,Sunday,True
20170703,2017-07-03,3,7,July,3,2017,Monday,False
20170704,2017-07-04,4,7,July,3,2017,Tuesday,False
20170705,2017-07-05,5,7,July,3,2017,Wednesday,False
20170706,2017-07-06,6,7,July,3,2017,Thursday,False
20170707,2017-07-07,7,7,July,3,2017,Friday,False
20170708,2017-07-08,8,7,July,3,2017,Saturday,True
20170709,2017-07-09,9,7,July,3,2017,Sunday,True
20170710,2017-07-10,10,7,July,3,2017,Monday,False
20170711,2017-07-11,11,7,July,3,2017,Tuesday,False
20170712,2017-07-12,12,7,July,3,2017,Wednesday,False
20170713,2017-07-13,13,7,July,3,2017,Thursday,False
20170714,2017-07-14,14,7,July,3,2017,Friday,False
20170715,2017-07-15,15,7,July,3,2017,Saturday,True
20170716,2017-07-16,16,7,July,3,2017,Sunday,True
20170717,2017-07-17,17,7,July,3,2017,Monday,False
20170718,2017-07-18,18,7,July,3,2017,Tuesday,False
20170719,2017-07-19,19,7,July,3,2017,Wednesday,False
20170720,2017-07-20,20,7,July,3,2017,Thursday,False
20170721,2017-07-21,21,7,July,3,2017,Friday,False
20170722,2017-07-22,22,7,July,3,2017,Saturday,True
20170723,2017-07-23,23,7,July,3,2017,Sunday,True
20170724,2017-07-24,24,7,July,3,2017,Monday,False
20170725,2017-07-25,25,7,July,3,2017,Tuesday,False
20170726,2017-07-26,26,7,July,3,2017,Wednesday,False
20170727,2017-07-27,27,7,July,3,2017,Thursday,False
20170728,2017-07-28,28,7,July,3,2017,Friday,False
20170729,2017-07-29,29,7,July,3,2017,Saturday,True
20170730,2017-07-30,30,7,July,3,2017,Sunday,True
20170731,2017-07-31,31,7,July,3,2017,Monday,False
20170801,2017-08-01,1,8,August,3,2017,Tuesday,False
20170802,2017-08-02,2,8,August,3,2017,Wednesday,False
20170803,2017-08-03,3,8,August,3,2017,Thursday,False
20170804,2017-08-04,4,8,August,3,2017,Friday,False
20170805,2017-08-05,5,8,August,3,2017,Saturday,True
20170806,2017-08-06,6,8,August,3,2017,Sunday,True
20170807,2017-08-07,7,8,August,3,2017,Monday,False
20170808,2017-08-08,8,8,August,3,2017,Tuesday,False
20170809,2017-08-09,9,8,August,3,2017,Wednesday,False
20170810,2017-08-10,10,8,August,3,2017,Thursday,False
20170811,2017-08-11,11,8,August,3,2017,Friday,False
20170812,2017-08-12,12,8,August,3,2017,Saturday,True
20170813,2017-08-13,13,8,August,3,2017,Sunday,True
20170814,2017-08-14,14,8,August,3,2017,Monday,False
20170815,2017-08-15,15,8,August,3,2017,Tuesday,False
20170816,2017-08-16,16,8,August,3,2017,Wednesday,False
20170817,2017-08-17,17,8,August,3,2017,Thursday,False
20170818,2017-08-18,18,8,August,3,2017,Friday,False
20170819,2017-08-19,19,8,August,3,2017,Saturday,True
20170820,2017-08-20,20,8,August,3,2017,Sunday,True
20170821,2017-08-21,21,8,August,3,2017,Monday,False
20170822,2017-08-22,22,8,August,3,2017,Tuesday,False
20170823,2017-08-23,23,8,August,3,2017,Wednesday,False
20170824,2017-08-24,24,8,August,3,2017,Thursday,False
20170825,2017-08-25,25,8,August,3,2017,Friday,False
20170826,2017-08-26,26,8,August,3,2017,Saturday,True
20170827,2017-08-27,27,8,August,3,2017,Sunday,True
20170828,2017-08-28,28,8,August,3,2017,Monday,False
20170829,2017-08-29,29,8,August,3,2017,Tuesday,False
20170830,2017-08-30,30,8,August,3,2017,Wednesday,False
20170831,2017-08-31,31,8,August,3,2017,Thursday,False
20170901,2017-09-01,1,9,September,3,2017,Friday,False
20170902,2017-09-02,2,9,September,3,2017,Saturday,True
20170903,2017-09-03,3,9,September,3,2017,Sunday,True
20170904,2017-09-04,4,9,September,3,2017,Monday,False
20170905,2017-09-05,5,9,September,3,2017,Tuesday,False
20170906,2017-09-06,6,9,September,3,2017,Wednesday,False
20170907,2017-09-07,7,9,September,3,2017,Thursday,False
20170908,2017-09-08,8,9,September,3,2017,Friday,False
20170909,2017-09-09,9,9,September,3,2017,Saturday,True
20170910,2017-09-10,10,9,September,3,2017,Sunday,True
20170911,2017-09-11,11,9,September,3,2017,Monday,False
20170912,2017-09-12,12,9,September,3,2017,Tuesday,False
20170913,2017-09-13,13,9,September,3,2017,Wednesday,False
20170914,2017-09-14,14,9,September,3,2017,Thursday,False
20170915,2017-09-15,15,9,September,3,2017,Friday,False
20170916,2017-09-16,16,9,September,3,2017,Saturday,True
20170917,2017-09-17,17,9,September,3,2017,Sunday,True
20170918,2017-09-18,18,9,September,3,2017,Monday,False
20170919,2017-09-19,19,9,September,3,2017,Tuesday,False
20170920,2017-09-20,20,9,September,3,2017,Wednesday,False
20170921,2017-09-21,21,9,September,3,2017,Thursday,False
20170922,2017-09-22,22,9,September,3,2017,Friday,False
20170923,2017-09-23,23,9,September,3,2017,Saturday,True
20170924,2017-09-24,24,9,September,3,2017,Sunday,True
20170925,2017-09-25,25,9,September,3,2017,Monday,False
20170926,2017-09-26,26,9,September,3,2017,Tuesday,False
20170927,2017-09-27,27,9,September,3,2017,Wednesday,False
20170928,2017-09-28,28,9,September,3,2017,Thursday,False
20170929,2017-09-29,29,9,September,3,2017,Friday,False
20170930,2017-09-30,30,9,September,3,2017,Saturday,True
20171001,2017-10-01,1,10,October,4,2017,Sunday,True
20171002,2017-10-02,2,10,October,4,2017,Monday,False
20171003,2017-10-03,3,10,October,4,2017,Tuesday,False
20171004,2017-10-04,4,10,October,4,2017,Wednesday,False
20171005,2017-10-05,5,10,October,4,2017,Thursday,False
20171006,2017-10-06,6,10,October,4,2017,Friday,False
20171007,2017-10-07,7,10,October,4,2017,Saturday,True
20171008,2017-10-08,8,10,October,4,2017,Sunday,True
20171009,2017-10-09,9,10,October,4,2017,Monday,False
20171010,2017-10-10,10,10,October,4,2017,Tuesday,False
20171011,2017-10-11,11,10,October,4,2017,Wednesday,False
20171012,2017-10-12,12,10,October,4,2017,Thursday,False
20171013,2017-10-13,13,10,October,4,2017,Friday,False
20171014,2017-10-14,14,10,October,4,2017,Saturday,True
20171015,2017-10-15,15,10,October,4,2017,Sunday,True
20171016,2017-10-16,16,10,October,4,2017,Monday,False
20171017,2017-10-17,17,10,October,4,2017,Tuesday,False
20171018,2017-10-18,18,10,October,4,2017,Wednesday,False
20171019,2017-10-19,19,10,October,4,2017,Thursday,False
20171020,2017-10-20,20,10,October,4,2017,Friday,False
20171021,2017-10-21,21,10,October,4,2017,Saturday,True
20171022,2017-10-22,22,10,October,4,2017,Sunday,True
20171023,2017-10-23,23,10,October,4,2017,Monday,False
20171024,2017-10-24,24,10,October,4,2017,Tuesday,False
20171025,2017-10-25,25,10,October,4,2017,Wednesday,False
20171026,2017-10-26,26,10,October,4,2017,Thursday,False
20171027,2017-10-27,27,10,October,4,2017,Friday,False
20171028,2017-10-28,28,10,October,4,2017,Saturday,True
20171029,2017-10-29,29,10,October,4,2017,Sunday,True
20171030,2017-10-30,30,10,October,4,2017,Monday,False
20171031,2017-10-31,31,10,October,4,2017,Tuesday,False
20171101,2017-11-01,1,11,November,4,2017,Wednesday,False
20171102,2017-11-02,2,11,November,4,2017,Thursday,False
20171103,2017-11-03,3,11,November,4,2017,Friday,False
20171104,2017-11-04,4,11,November,4,2017,Saturday,True
20171105,2017-11-05,5,11,November,4,2017,Sunday,True
20171106,2017-11-06,6,11,November,4,2017,Monday,False
20171107,2017-11-07,7,11,November,4,2017,Tuesday,False
20171108,2017-11-08,8,11,November,4,2017,Wednesday,False
20171109,2017-11-09,9,11,November,4,2017,Thursday,False
20171110,2017-11-10,10,11,November,4,2017,Friday,False
20171111,2017-11-11,11,11,November,4,2017,Saturday,True
20171112,2017-11-12,12,11,November,4,2017,Sunday,True
20171113,2017-11-13,13,11,November,4,2017,Monday,False
20171114,2017-11-14,14,11,November,4,2017,Tuesday,False
20171115,2017-11-15,15,11,November,4,2017,Wednesday,False
20171116,2017-11-16,16,11,November,4,2017,Thursday,False
20171117,2017-11-17,17,11,November,4,2017,Friday,False
20171118,2017-11-18,18,11,November,4,2017,Saturday,True
20171119,2017-11-19,19,11,November,4,2017,Sunday,True
20171120,2017-11-20,20,11,November,4,2017,Monday,False
20171121,2017-11-21,21,11,November,4,2017,Tuesday,False
20171122,2017-11-22,22,11,November,4,2017,Wednesday,False
20171123,2017-11-23,23,11,November,4,2017,Thursday,False
20171124,2017-11-24,24,11,November,4,2017,Friday,False
20171125,2017-11-25,25,11,November,4,2017,Saturday,True
20171126,2017-11-26,26,11,November,4,2017,Sunday,True
20171127,2017-11-27,27,11,November,4,2017,Monday,False
20171128,2017-11-28,28,11,November,4,2017,Tuesday,False
20171129,2017-11-29,29,11,November,4,2017,Wednesday,False
20171130,2017-11-30,30,11,November,4,2017,Thursday,False
20171201,2017-12-01,1,12,December,4,2017,Friday,False
20171202,2017-12-02,2,12,December,4,2017,Saturday,True
20171203,2017-12-03,3,12,December,4,2017,Sunday,True
20171204,2017-12-04,4,12,December,4,2017,Monday,False
20171205,2017-12-05,5,12,December,4,2017,Tuesday,False
20171206,2017-12-06,6,12,December,4,2017,Wednesday,False
20171207,2017-12-07,7,12,December,4,2017,Thursday,False
20171208,2017-12-08,8,12,December,4,2017,Friday,False
20171209,2017-12-09,9,12,December,4,2017,Saturday,True
20171210,2017-12-10,10,12,December,4,2017,Sunday,True
20171211,2017-12-11,11,12,December,4,2017,Monday,False
20171212,2017-12-12,12,12,December,4,2017,Tuesday,False
20171213,2017-12-13,13,12,December,4,2017,Wednesday,False
20171214,2017-12-14,14,12,December,4,2017,Thursday,False
20171215,2017-12-15,15,12,December,4,2017,Friday,False
20171216,2017-12-16,16,12,December,4,2017,Saturday,True
20171217,2017-12-17,17,12,December,4,2017,Sunday,True
20171218,2017-12-18,18,12,December,4,2017,Monday,False
20171219,2017-12-19,19,12,December,4,2017,Tuesday,False
20171220,2017-12-20,20,12,December,4,2017,Wednesday,False
20171221,2017-12-21,21,12,December,4,2017,Thursday,False
20171222,2017-12-22,22,12,December,4,2017,Friday,False
20171223,2017-12-23,23,12,December,4,2017,Saturday,True
20171224,2017-12-24,24,12,December,4,2017,Sunday,True
20171225,2017-12-25,25,12,December,4,2017,Monday,False
20171226,2017-12-26,26,12,December,4,2017,Tuesday,False
20171227,2017-12-27,27,12,December,4,2017,Wednesday,False
20171228,2017-12-28,28,12,December,4,2017,Thursday,False
20171229,2017-12-29,29,12,December,4,2017,Friday,False
20171230,2017-12-30,30,12,December,4,2017,Saturday,True
20171231,2017-12-31,31,12,December,4,2017,Sunday,True
20180101,2018-01-01,1,1,January,1,2018,Monday,False
20180102,2018-01-02,2,1,January,1,2018,Tuesday,False
20180103,2018-01-03,3,1,January,1,2018,Wednesday,False
20180104,2018-01-04,4,1,January,1,2018,Thursday,False
20180105,2018-01-05,5,1,January,1,2018,Friday,False
20180106,2018-01-06,6,1,January,1,2018,Saturday,True
20180107,2018-01-07,7,1,January,1,2018,Sunday,True
20180108,2018-01-08,8,1,January,1,2018,Monday,False
20180109,2018-01-09,9,1,January,1,2018,Tuesday,False
20180110,2018-01-10,10,1,January,1,2018,Wednesday,False
20180111,2018-01-11,11,1,January,1,2018,Thursday,False
20180112,2018-01-12,12,1,January,1,2018,Friday,False
20180113,2018-01-13,13,1,January,1,2018,Saturday,True
20180114,2018-01-14,14,1,January,1,2018,Sunday,True
20180115,2018-01-15,15,1,January,1,2018,Monday,False
20180116,2018-01-16,16,1,January,1,2018,Tuesday,False
20180117,2018-01-17,17,1,January,1,2018,Wednesday,False
20180118,2018-01-18,18,1,January,1,2018,Thursday,False
20180119,2018-01-19,19,1,January,1,2018,Friday,False
20180120,2018-01-20,20,1,January,1,2018,Saturday,True
20180121,2018-01-21,21,1,January,1,2018,Sunday,True
20180122,2018-01-22,22,1,January,1,2018,Monday,False
20180123,2018-01-23,23,1,January,1,2018,Tuesday,False
20180124,2018-01-24,24,1,January,1,2018,Wednesday,False
20180125,2018-01-25,25,1,January,1,2018,Thursday,False
20180126,2018-01-26,26,1,January,1,2018,Friday,False
20180127,2018-01-27,27,1,January,1,2018,Saturday,True
20180128,2018-01-28,28,1,January,1,2018,Sunday,True
20180129,2018-01-29,29,1,January,1,2018,Monday,False
20180130,2018-01-30,30,1,January,1,2018,Tuesday,False
20180131,2018-01-31,31,1,January,1,2018,Wednesday,False
20180201,2018-02-01,1,2,February,1,2018,Thursday,False
20180202,2018-02-02,2,2,February,1,2018,Friday,False
20180203,2018-02-03,3,2,February,1,2018,Saturday,True
20180204,2018-02-04,4,2,February,1,2018,Sunday,True
20180205,2018-02-05,5,2,February,1,2018,Monday,False
20180206,2018-02-06,6,2,February,1,2018,Tuesday,False
20180207,2018-02-07,7,2,February,1,2018,Wednesday,False
20180208,2018-02-08,8,2,February,1,2018,Thursday,False
20180209,2018-02-09,9,2,February,1,2018,Friday,False
20180210,2018-02-10,10,2,February,1,2018,Saturday,True
20180211,2018-02-11,11,2,February,1,2018,Sunday,True
20180212,2018-02-12,12,2,February,1,2018,Monday,False
20180213,2018-02-13,13,2,February,1,2018,Tuesday,False
20180214,2018-02-14,14,2,February,1,2018,Wednesday,False
20180215,2018-02-15,15,2,February,1,2018,Thursday,False
20180216,2018-02-16,16,2,February,1,2018,Friday,False
20180217,2018-02-17,17,2,February,1,2018,Saturday,True
20180218,2018-02-18,18,2,February,1,2018,Sunday,True
20180219,2018-02-19,19,2,February,1,2018,Monday,False
20180220,2018-02-20,20,2,February,1,2018,Tuesday,False
20180221,2018-02-21,21,2,February,1,2018,Wednesday,False
20180222,2018-02-22,22,2,February,1,2018,Thursday,False
20180223,2018-02-23,23,2,February,1,2018,Friday,False
20180224,2018-02-24,24,2,February,1,2018,Saturday,True
20180225,2018-02-25,25,2,February,1,2018,Sunday,True
20180226,2018-02-26,26,2,February,1,2018,Monday,False
20180227,2018-02-27,27,2,February,1,2018,Tuesday,False
20180228,2018-02-28,28,2,February,1,2018,Wednesday,False
20180301,2018-03-01,1,3,March,1,2018,Thursday,False
20180302,2018-03-02,2,3,March,1,2018,Friday,False
20180303,2018-03-03,3,3,March,1,2018,Saturday,True
20180304,2018-03-04,4,3,March,1,2018,Sunday,True
20180305,2018-03-05,5,3,March,1,2018,Monday,False
20180306,2018-03-06,6,3,March,1,2018,Tuesday,False
20180307,2018-03-07,7,3,March,1,2018,Wednesday,False
20180308,2018-03-08,8,3,March,1,2018,Thursday,False
20180309,2018-03-09,9,3,March,1,2018,Friday,False
20180310,2018-03-10,10,3,March,1,2018,Saturday,True
20180311,2018-03-11,11,3,March,1,2018,Sunday,True
20180312,2018-03-12,12,3,March,1,2018,Monday,False
20180313,2018-03-13,13,3,March,1,2018,Tuesday,False
20180314,2018-03-14,14,3,March,1,2018,Wednesday,False
20180315,2018-03-15,15,3,March,1,2018,Thursday,False
20180316,2018-03-16,16,3,March,1,2018,Friday,False
20180317,2018-03-17,17,3,March,1,2018,Saturday,True
20180318,2018-03-18,18,3,March,1,2018,Sunday,True
20180319,2018-03-19,19,3,March,1,2018,Monday,False
20180320,2018-03-20,20,3,March,1,2018,Tuesday,False
20180321,2018-03-21,21,3,March,1,2018,Wednesday,False
20180322,2018-03-22,22,3,March,1,2018,Thursday,False
20180323,2018-03-23,23,3,March,1,2018,Friday,False
20180324,2018-03-24,24,3,March,1,2018,Saturday,True
20180325,2018-03-25,25,3,March,1,2018,Sunday,True
20180326,2018-03-26,26,3,March,1,2018,Monday,False
20180327,2018-03-27,27,3,March,1,2018,Tuesday,False
20180328,2018-03-28,28,3,March,1,2018,Wednesday,False
20180329,2018-03-29,29,3,March,1,2018,Thursday,False
20180330,2018-03-30,30,3,March,1,2018,Friday,False
20180331,2018-03-31,31,3,March,1,2018,Saturday,True
20180401,2018-04-01,1,4,April,2,2018,Sunday,True
20180402,2018-04-02,2,4,April,2,2018,Monday,False
20180403,2018-04-03,3,4,April,2,2018,Tuesday,False
20180404,2018-04-04,4,4,April,2,2018,Wednesday,False
20180405,2018-04-05,5,4,April,2,2018,Thursday,False
20180406,2018-04-06,6,4,April,2,2018,Friday,False
20180407,2018-04-07,7,4,April,2,2018,Saturday,True
20180408,2018-04-08,8,4,April,2,2018,Sunday,True
20180409,2018-04-09,9,4,April,2,2018,Monday,False
20180410,2018-04-10,10,4,April,2,2018,Tuesday,False
20180411,2018-04-11,11,4,April,2,2018,Wednesday,False
20180412,2018-04-12,12,4,April,2,2018,Thursday,False
20180413,2018-04-13,13,4,April,2,2018,Friday,False
20180414,2018-04-14,14,4,April,2,2018,Saturday,True
20180415,2018-04-15,15,4,April,2,2018,Sunday,True
20180416,2018-04-16,16,4,April,2,2018,Monday,False
20180417,2018-04-17,17,4,April,2,2018,Tuesday,False
20180418,2018-04-18,18,4,April,2,2018,Wednesday,False
20180419,2018-04-19,19,4,April,2,2018,Thursday,False
20180420,2018-04-20,20,4,April,2,2018,Friday,False
20180421,2018-04-21,21,4,April,2,2018,Saturday,True
20180422,2018-04-22,22,4,April,2,2018,Sunday,True
20180423,2018-04-23,23,4,April,2,2018,Monday,False
20180424,2018-04-24,24,4,April,2,2018,Tuesday,False
20180425,2018-04-25,25,4,April,2,2018,Wednesday,False
20180426,2018-04-26,26,4,April,2,2018,Thursday,False
20180427,2018-04-27,27,4,April,2,2018,Friday,False
20180428,2018-04-28,28,4,April,2,2018,Saturday,True
20180429,2018-04-29,29,4,April,2,2018,Sunday,True
20180430,2018-04-30,30,4,April,2,2018,Monday,False
20180501,2018-05-01,1,5,May,2,2018,Tuesday,False
20180502,2018-05-02,2,5,May,2,2018,Wednesday,False
20180503,2018-05-03,3,5,May,2,2018,Thursday,False
20180504,2018-05-04,4,5,May,2,2018,Friday,False
20180505,2018-05-05,5,5,May,2,2018,Saturday,True
20180506,2018-05-06,6,5,May,2,2018,Sunday,True
20180507,2018-05-07,7,5,May,2,2018,Monday,False
20180508,2018-05-08,8,5,May,2,2018,Tuesday,False
20180509,2018-05-09,9,5,May,2,2018,Wednesday,False
20180510,2018-05-10,10,5,May,2,2018,Thursday,False
20180511,2018-05-11,11,5,May,2,2018,Friday,False
20180512,2018-05-12,12,5,May,2,2018,Saturday,True
20180513,2018-05-13,13,5,May,2,2018,Sunday,True
20180514,2018-05-14,14,5,May,2,2018,Monday,False
20180515,2018-05-15,15,5,May,2,2018,Tuesday,False
20180516,2018-05-16,16,5,May,2,2018,Wednesday,False
20180517,2018-05-17,17,5,May,2,2018,Thursday,False
20180518,2018-05-18,18,5,May,2,2018,Friday,False
20180519,2018-05-19,19,5,May,2,2018,Saturday,True
20180520,2018-05-20,20,5,May,2,2018,Sunday,True
20180521,2018-05-21,21,5,May,2,2018,Monday,False
20180522,2018-05-22,22,5,May,2,2018,Tuesday,False
20180523,2018-05-23,23,5,May,2,2018,Wednesday,False
20180524,2018-05-24,24,5,May,2,2018,Thursday,False
20180525,2018-05-25,25,5,May,2,2018,Friday,False
20180526,2018-05-26,26,5,May,2,2018,Saturday,True
20180527,2018-05-27,27,5,May,2,2018,Sunday,True
20180528,2018-05-28,28,5,May,2,2018,Monday,False
20180529,2018-05-29,29,5,May,2,2018,Tuesday,False
20180530,2018-05-30,30,5,May,2,2018,Wednesday,False
20180531,2018-05-31,31,5,May,2,2018,Thursday,False
20180601,2018-06-01,1,6,June,2,2018,Friday,False
20180602,2018-06-02,2,6,June,2,2018,Saturday,True
20180603,2018-06-03,3,6,June,2,2018,Sunday,True
20180604,2018-06-04,4,6,June,2,2018,Monday,False
20180605,2018-06-05,5,6,June,2,2018,Tuesday,False
20180606,2018-06-06,6,6,June,2,2018,Wednesday,False
20180607,2018-06-07,7,6,June,2,2018,Thursday,False
20180608,2018-06-08,8,6,June,2,2018,Friday,False
20180609,2018-06-09,9,6,June,2,2018,Saturday,True
20180610,2018-06-10,10,6,June,2,2018,Sunday,True
20180611,2018-06-11,11,6,June,2,2018,Monday,False
20180612,2018-06-12,12,6,June,2,2018,Tuesday,False
20180613,2018-06-13,13,6,June,2,2018,Wednesday,False
20180614,2018-06-14,14,6,June,2,2018,Thursday,False
20180615,2018-06-15,15,6,June,2,2018,Friday,False
20180616,2018-06-16,16,6,June,2,2018,Saturday,True
20180617,2018-06-17,17,6,June,2,2018,Sunday,True
20180618,2018-06-18,18,6,June,2,2018,Monday,False
20180619,2018-06-19,19,6,June,2,2018,Tuesday,False
20180620,2018-06-20,20,6,June,2,2018,Wednesday,False
20180621,2018-06-21,21,6,June,2,2018,Thursday,False
20180622,2018-06-22,22,6,June,2,2018,Friday,False
20180623,2018-06-23,23,6,June,2,2018,Saturday,True
20180624,2018-06-24,24,6,June,2,2018,Sunday,True
20180625,2018-06-25,25,6,June,2,2018,Monday,False
20180626,2018-06-26,26,6,June,2,2018,Tuesday,False
20180627,2018-06-27,27,6,June,2,2018,Wednesday,False
20180628,2018-06-28,28,6,June,2,2018,Thursday,False
20180629,2018-06-29,29,6,June,2,2018,Friday,False
20180630,2018-06-30,30,6,June,2,2018,Saturday,True
20180701,2018-07-01,1,7,July,3,2018,Sunday,True
20180702,2018-07-02,2,7,July,3,2018,Monday,False
20180703,2018-07-03,3,7,July,3,2018,Tuesday,False
20180704,2018-07-04,4,7,July,3,2018,Wednesday,False
20180705,2018-07-05,5,7,July,3,2018,Thursday,False
20180706,2018-07-06,6,7,July,3,2018,Friday,False
20180707,2018-07-07,7,7,July,3,2018,Saturday,True
20180708,2018-07-08,8,7,July,3,2018,Sunday,True
20180709,2018-07-09,9,7,July,3,2018,Monday,False
20180710,2018-07-10,10,7,July,3,2018,Tuesday,False
20180711,2018-07-11,11,7,July,3,2018,Wednesday,False
20180712,2018-07-12,12,7,July,3,2018,Thursday,False
20180713,2018-07-13,13,7,July,3,2018,Friday,False
20180714,2018-07-14,14,7,July,3,2018,Saturday,True
20180715,2018-07-15,15,7,July,3,2018,Sunday,True
20180716,2018-07-16,16,7,July,3,2018,Monday,False
20180717,2018-07-17,17,7,July,3,2018,Tuesday,False
20180718,2018-07-18,18,7,July,3,2018,Wednesday,False
20180719,2018-07-19,19,7,July,3,2018,Thursday,False
20180720,2018-07-20,20,7,July,3,2018,Friday,False
20180721,2018-07-21,21,7,July,3,2018,Saturday,True
20180722,2018-07-22,22,7,July,3,2018,Sunday,True
20180723,2018-07-23,23,7,July,3,2018,Monday,False
20180724,2018-07-24,24,7,July,3,2018,Tuesday,False
20180725,2018-07-25,25,7,July,3,2018,Wednesday,False
20180726,2018-07-26,26,7,July,3,2018,Thursday,False
20180727,2018-07-27,27,7,July,3,2018,Friday,False
20180728,2018-07-28,28,7,July,3,2018,Saturday,True
20180729,2018-07-29,29,7,July,3,2018,Sunday,True
20180730,2018-07-30,30,7,July,3,2018,Monday,False
20180731,2018-07-31,31,7,July,3,2018,Tuesday,False
20180801,2018-08-01,1,8,August,3,2018,Wednesday,False
20180802,2018-08-02,2,8,August,3,2018,Thursday,False
20180803,2018-08-03,3,8,August,3,2018,Friday,False
20180804,2018-08-04,4,8,August,3,2018,Saturday,True
20180805,2018-08-05,5,8,August,3,2018,Sunday,True
20180806,2018-08-06,6,8,August,3,2018,Monday,False
20180807,2018-08-07,7,8,August,3,2018,Tuesday,False
20180808,2018-08-08,8,8,August,3,2018,Wednesday,False
20180809,2018-08-09,9,8,August,3,2018,Thursday,False
20180810,2018-08-10,10,8,August,3,2018,Friday,False
20180811,2018-08-11,11,8,August,3,2018,Saturday,True
20180812,2018-08-12,12,8,August,3,2018,Sunday,True
20180813,2018-08-13,13,8,August,3,2018,Monday,False
20180814,2018-08-14,14,8,August,3,2018,Tuesday,False
20180815,2018-08-15,15,8,August,3,2018,Wednesday,False
20180816,2018-08-16,16,8,August,3,2018,Thursday,False
20180817,2018-08-17,17,8,August,3,2018,Friday,False
20180818,2018-08-18,18,8,August,3,2018,Saturday,True
20180819,2018-08-19,19,8,August,3,2018,Sunday,True
20180820,2018-08-20,20,8,August,3,2018,Monday,False
20180821,2018-08-21,21,8,August,3,2018,Tuesday,False
20180822,2018-08-22,22,8,August,3,2018,Wednesday,False
20180823,2018-08-23,23,8,August,3,2018,Thursday,False
20180824,2018-08-24,24,8,August,3,2018,Friday,False
20180825,2018-08-25,25,8,August,3,2018,Saturday,True
20180826,2018-08-26,26,8,August,3,2018,Sunday,True
20180827,2018-08-27,27,8,August,3,2018,Monday,False
20180828,2018-08-28,28,8,August,3,2018,Tuesday,False
20180829,2018-08-29,29,8,August,3,2018,Wednesday,False
20180830,2018-08-30,30,8,August,3,2018,Thursday,False
20180831,2018-08-31,31,8,August,3,2018,Friday,False
20180901,2018-09-01,1,9,September,3,2018,Saturday,True
20180902,2018-09-02,2,9,September,3,2018,Sunday,True
20180903,2018-09-03,3,9,September,3,2018,Monday,False
20180904,2018-09-04,4,9,September,3,2018,Tuesday,False
20180905,2018-09-05,5,9,September,3,2018,Wednesday,False
20180906,2018-09-06,6,9,September,3,2018,Thursday,False
20180907,2018-09-07,7,9,September,3,2018,Friday,False
20180908,2018-09-08,8,9,September,3,2018,Saturday,True
20180909,2018-09-09,9,9,September,3,2018,Sunday,True
20180910,2018-09-10,10,9,September,3,2018,Monday,False
20180911,2018-09-11,11,9,September,3,2018,Tuesday,False
20180912,2018-09-12,12,9,September,3,2018,Wednesday,False
20180913,2018-09-13,13,9,September,3,2018,Thursday,False
20180914,2018-09-14,14,9,September,3,2018,Friday,False
20180915,2018-09-15,15,9,September,3,2018,Saturday,True
20180916,2018-09-16,16,9,September,3,2018,Sunday,True
20180917,2018-09-17,17,9,September,3,2018,Monday,False
20180918,2018-09-18,18,9,September,3,2018,Tuesday,False
20180919,2018-09-19,19,9,September,3,2018,Wednesday,False
20180920,2018-09-20,20,9,September,3,2018,Thursday,False
20180921,2018-09-21,21,9,September,3,2018,Friday,False
20180922,2018-09-22,22,9,September,3,2018,Saturday,True
20180923,2018-09-23,23,9,September,3,2018,Sunday,True
20180924,2018-09-24,24,9,September,3,2018,Monday,False
20180925,2018-09-25,25,9,September,3,2018,Tuesday,False
20180926,2018-09-26,26,9,September,3,2018,Wednesday,False
20180927,2018-09-27,27,9,September,3,2018,Thursday,False
20180928,2018-09-28,28,9,September,3,2018,Friday,False
20180929,2018-09-29,29,9,September,3,2018,Saturday,True
20181001,2018-10-01,1,10,October,4,2018,Monday,False
20181002,2018-10-02,2,10,October,4,2018,Tuesday,False
20181003,2018-10-03,3,10,October,4,2018,Wednesday,False
20181004,2018-10-04,4,10,October,4,2018,Thursday,False
20181005,2018-10-05,5,10,October,4,2018,Friday,False
20181007,2018-10-07,7,10,October,4,2018,Sunday,True
20181008,2018-10-08,8,10,October,4,2018,Monday,False
20181009,2018-10-09,9,10,October,4,2018,Tuesday,False
20181010,2018-10-10,10,10,October,4,2018,Wednesday,False
20181011,2018-10-11,11,10,October,4,2018,Thursday,False
20181012,2018-10-12,12,10,October,4,2018,Friday,False
20181013,2018-10-13,13,10,October,4,2018,Saturday,True
20181014,2018-10-14,14,10,October,4,2018,Sunday,True
20181015,2018-10-15,15,10,October,4,2018,Monday,False
20181016,2018-10-16,16,10,October,4,2018,Tuesday,False
20181017,2018-10-17,17,10,October,4,2018,Wednesday,False
20181018,2018-10-18,18,10,October,4,2018,Thursday,False
20181021,2018-10-21,21,10,October,4,2018,Sunday,True
20181022,2018-10-22,22,10,October,4,2018,Monday,False
20181023,2018-10-23,23,10,October,4,2018,Tuesday,False
20181024,2018-10-24,24,10,October,4,2018,Wednesday,False
20181025,2018-10-25,25,10,October,4,2018,Thursday,False
20181026,2018-10-26,26,10,October,4,2018,Friday,False
20181029,2018-10-29,29,10,October,4,2018,Monday,False
20181030,2018-10-30,30,10,October,4,2018,Tuesday,False
20181112,2018-11-12,12,11,November,4,2018,Monday,False
20200203,2020-02-03,3,2,February,1,2020,Monday,False
20200205,2020-02-05,5,2,February,1,2020,Wednesday,False
20200409,2020-04-09,9,4,April,2,2020,Thursday,False
